Date,regionid
2009-01-01,ACT1
2009-01-01,NSW1
2009-01-01,NT1
2009-01-01,QLD1
2009-01-01,SA1
2009-01-01,TAS1
2009-01-01,VIC1
2009-01-01,WA1
2009-01-26,ACT1
2009-01-26,NSW1
2009-01-26,NT1
2009-01-26,QLD1
2009-01-26,SA1
2009-01-26,TAS1
2009-01-26,VIC1
2009-01-26,WA1
2009-02-09,TAS1
2009-03-02,WA1
2009-03-09,ACT1
2009-03-09,SA1
2009-03-09,TAS1
2009-03-09,VIC1
2009-04-10,ACT1
2009-04-10,NSW1
2009-04-10,NT1
2009-04-10,QLD1
2009-04-10,SA1
2009-04-10,TAS1
2009-04-10,VIC1
2009-04-10,WA1
2009-04-11,ACT1
2009-04-11,NSW1
2009-04-11,NT1
2009-04-11,QLD1
2009-04-11,SA1
2009-04-11,TAS1
2009-04-11,VIC1
2009-04-11,WA1
2009-04-12,ACT1
2009-04-12,NSW1
2009-04-12,NT1
2009-04-12,QLD1
2009-04-12,SA1
2009-04-12,TAS1
2009-04-12,VIC1
2009-04-12,WA1
2009-04-13,ACT1
2009-04-13,NSW1
2009-04-13,NT1
2009-04-13,QLD1
2009-04-13,SA1
2009-04-13,TAS1
2009-04-13,VIC1
2009-04-13,WA1
2009-04-14,TAS1
2009-04-25,ACT1
2009-04-25,NSW1
2009-04-25,NT1
2009-04-25,QLD1
2009-04-25,TAS1
2009-04-25,VIC1
2009-04-25,WA1
2009-04-27,WA1
2009-05-04,NT1
2009-05-04,QLD1
2009-06-01,WA1
2009-06-08,ACT1
2009-06-08,NSW1
2009-06-08,NT1
2009-06-08,QLD1
2009-06-08,SA1
2009-06-08,TAS1
2009-06-08,VIC1
2009-08-03,NSW1
2009-08-03,NT1
2009-08-12,QLD1
2009-09-28,WA1
2009-10-05,ACT1
2009-10-05,NSW1
2009-10-05,SA1
2009-11-02,TAS1
2009-11-03,ACT1
2009-11-03,VIC1
2009-12-25,ACT1
2009-12-25,NSW1
2009-12-25,NT1
2009-12-25,QLD1
2009-12-25,SA1
2009-12-25,TAS1
2009-12-25,VIC1
2009-12-25,WA1
2009-12-26,ACT1
2009-12-26,NSW1
2009-12-26,NT1
2009-12-26,QLD1
2009-12-26,SA1
2009-12-26,TAS1
2009-12-26,VIC1
2009-12-26,WA1
2009-12-28,ACT1
2009-12-28,NSW1
2009-12-28,NT1
2009-12-28,QLD1
2009-12-28,SA1
2009-12-28,TAS1
2009-12-28,VIC1
2009-12-28,WA1
2010-01-01,ACT1
2010-01-01,NSW1
2010-01-01,NT1
2010-01-01,QLD1
2010-01-01,SA1
2010-01-01,TAS1
2010-01-01,VIC1
2010-01-01,WA1
2010-01-26,ACT1
2010-01-26,NSW1
2010-01-26,NT1
2010-01-26,QLD1
2010-01-26,SA1
2010-01-26,TAS1
2010-01-26,VIC1
2010-01-26,WA1
2010-02-08,TAS1
2010-03-01,WA1
2010-03-08,ACT1
2010-03-08,SA1
2010-03-08,TAS1
2010-03-08,VIC1
2010-04-02,ACT1
2010-04-02,NSW1
2010-04-02,NT1
2010-04-02,QLD1
2010-04-02,SA1
2010-04-02,TAS1
2010-04-02,VIC1
2010-04-02,WA1
2010-04-03,ACT1
2010-04-03,NSW1
2010-04-03,NT1
2010-04-03,QLD1
2010-04-03,VIC1
2010-04-05,ACT1
2010-04-05,NSW1
2010-04-05,NT1
2010-04-05,QLD1
2010-04-05,SA1
2010-04-05,TAS1
2010-04-05,VIC1
2010-04-05,WA1
2010-04-06,TAS1
2010-04-25,ACT1
2010-04-25,TAS1
2010-04-25,VIC1
2010-04-26,NSW1
2010-04-26,NT1
2010-04-26,QLD1
2010-04-26,SA1
2010-04-26,WA1
2010-05-03,NT1
2010-05-03,QLD1
2010-06-07,WA1
2010-06-14,ACT1
2010-06-14,NSW1
2010-06-14,QLD1
2010-06-14,SA1
2010-06-14,TAS1
2010-06-14,VIC1
2010-08-02,NSW1
2010-08-02,NT1
2010-08-11,QLD1
2010-09-27,ACT1
2010-09-27,WA1
2010-10-04,ACT1
2010-10-04,NSW1
2010-10-04,SA1
2010-11-01,TAS1
2010-11-02,VIC1
2010-12-25,ACT1
2010-12-25,NSW1
2010-12-25,NT1
2010-12-25,QLD1
2010-12-25,SA1
2010-12-25,TAS1
2010-12-25,VIC1
2010-12-25,WA1
2010-12-26,ACT1
2010-12-26,NSW1
2010-12-26,NT1
2010-12-26,QLD1
2010-12-26,SA1
2010-12-26,TAS1
2010-12-26,VIC1
2010-12-26,WA1
2010-12-27,ACT1
2010-12-27,NSW1
2010-12-27,NT1
2010-12-27,QLD1
2010-12-27,SA1
2010-12-27,TAS1
2010-12-27,VIC1
2010-12-27,WA1
2010-12-28,ACT1
2010-12-28,NSW1
2010-12-28,NT1
2010-12-28,QLD1
2010-12-28,SA1
2010-12-28,TAS1
2010-12-28,VIC1
2010-12-28,WA1
2011-01-01,ACT1
2011-01-01,NSW1
2011-01-01,NT1
2011-01-01,QLD1
2011-01-01,SA1
2011-01-01,TAS1
2011-01-01,VIC1
2011-01-01,WA1
2011-01-26,ACT1
2011-01-26,NSW1
2011-01-26,NT1
2011-01-26,QLD1
2011-01-26,SA1
2011-01-26,TAS1
2011-01-26,VIC1
2011-01-26,WA1
2011-02-14,TAS1
2011-03-07,WA1
2011-03-14,ACT1
2011-03-14,SA1
2011-03-14,TAS1
2011-03-14,VIC1
2011-04-22,ACT1
2011-04-22,NSW1
2011-04-22,NT1
2011-04-22,QLD1
2011-04-22,SA1
2011-04-22,TAS1
2011-04-22,VIC1
2011-04-22,WA1
2011-04-23,ACT1
2011-04-23,NSW1
2011-04-23,NT1
2011-04-23,QLD1
2011-04-23,SA1
2011-04-23,TAS1
2011-04-23,VIC1
2011-04-24,NSW1
2011-04-25,ACT1
2011-04-25,NSW1
2011-04-25,NT1
2011-04-25,QLD1
2011-04-25,SA1
2011-04-25,TAS1
2011-04-25,VIC1
2011-04-25,WA1
2011-04-26,NSW1
2011-04-26,NT1
2011-04-26,QLD1
2011-04-26,SA1
2011-04-26,TAS1
2011-04-26,VIC1
2011-04-26,WA1
2011-05-02,NT1
2011-05-02,QLD1
2011-06-06,WA1
2011-06-13,NSW1
2011-06-13,NT1
2011-06-13,QLD1
2011-06-13,SA1
2011-06-13,TAS1
2011-06-13,VIC1
2011-08-01,NSW1
2011-08-01,NT1
2011-08-17,QLD1
2011-10-03,ACT1
2011-10-03,NSW1
2011-10-03,SA1
2011-10-10,ACT1
2011-10-28,WA1
2011-11-01,VIC1
2011-11-07,TAS1
2011-12-25,ACT1
2011-12-25,NSW1
2011-12-25,NT1
2011-12-25,QLD1
2011-12-25,SA1
2011-12-25,TAS1
2011-12-25,VIC1
2011-12-25,WA1
2011-12-26,ACT1
2011-12-26,NSW1
2011-12-26,NT1
2011-12-26,QLD1
2011-12-26,SA1
2011-12-26,TAS1
2011-12-26,VIC1
2011-12-26,WA1
2011-12-27,ACT1
2011-12-27,NSW1
2011-12-27,NT1
2011-12-27,QLD1
2011-12-27,SA1
2011-12-27,TAS1
2011-12-27,VIC1
2011-12-27,WA1
2012-01-01,ACT1
2012-01-01,NSW1
2012-01-01,NT1
2012-01-01,QLD1
2012-01-01,SA1
2012-01-01,TAS1
2012-01-01,VIC1
2012-01-01,WA1
2012-01-02,ACT1
2012-01-02,NSW1
2012-01-02,NT1
2012-01-02,QLD1
2012-01-02,SA1
2012-01-02,TAS1
2012-01-02,VIC1
2012-01-02,WA1
2012-01-26,ACT1
2012-01-26,NSW1
2012-01-26,NT1
2012-01-26,QLD1
2012-01-26,SA1
2012-01-26,TAS1
2012-01-26,VIC1
2012-01-26,WA1
2012-02-13,TAS1
2012-03-05,WA1
2012-03-12,ACT1
2012-03-12,SA1
2012-03-12,TAS1
2012-03-12,VIC1
2012-04-06,ACT1
2012-04-06,NSW1
2012-04-06,NT1
2012-04-06,QLD1
2012-04-06,SA1
2012-04-06,TAS1
2012-04-06,VIC1
2012-04-06,WA1
2012-04-07,NSW1
2012-04-07,NT1
2012-04-07,QLD1
2012-04-08,NSW1
2012-04-08,VIC1
2012-04-09,NSW1
2012-04-09,NT1
2012-04-09,QLD1
2012-04-09,SA1
2012-04-09,TAS1
2012-04-09,VIC1
2012-04-09,WA1
2012-04-10,TAS1
2012-04-25,ACT1
2012-04-25,NSW1
2012-04-25,NT1
2012-04-25,QLD1
2012-04-25,SA1
2012-04-25,TAS1
2012-04-25,VIC1
2012-04-25,WA1
2012-05-07,NT1
2012-05-07,QLD1
2012-06-04,WA1
2012-06-06,ACT1
2012-06-06,NSW1
2012-06-11,ACT1
2012-06-11,NSW1
2012-06-11,NT1
2012-06-11,QLD1
2012-06-11,SA1
2012-06-11,TAS1
2012-06-11,VIC1
2012-08-06,NSW1
2012-08-06,NT1
2012-08-15,QLD1
2012-10-01,ACT1
2012-10-01,NSW1
2012-10-01,QLD1
2012-10-01,SA1
2012-10-01,WA1
2012-10-08,ACT1
2012-11-05,TAS1
2012-11-06,VIC1
2012-12-25,ACT1
2012-12-25,NSW1
2012-12-25,NT1
2012-12-25,QLD1
2012-12-25,SA1
2012-12-25,TAS1
2012-12-25,VIC1
2012-12-25,WA1
2012-12-26,ACT1
2012-12-26,NSW1
2012-12-26,NT1
2012-12-26,QLD1
2012-12-26,SA1
2012-12-26,TAS1
2012-12-26,VIC1
2012-12-26,WA1
2013-01-01,ACT1
2013-01-01,NSW1
2013-01-01,NT1
2013-01-01,QLD1
2013-01-01,SA1
2013-01-01,TAS1
2013-01-01,VIC1
2013-01-01,WA1
2013-01-26,ACT1
2013-01-26,NSW1
2013-01-26,NT1
2013-01-26,QLD1
2013-01-26,SA1
2013-01-26,TAS1
2013-01-26,VIC1
2013-01-26,WA1
2013-01-28,ACT1
2013-01-28,NSW1
2013-01-28,NT1
2013-01-28,QLD1
2013-01-28,SA1
2013-01-28,TAS1
2013-01-28,VIC1
2013-02-11,TAS1
2013-03-04,WA1
2013-03-11,ACT1
2013-03-11,SA1
2013-03-11,TAS1
2013-03-11,VIC1
2013-03-29,ACT1
2013-03-29,NSW1
2013-03-29,NT1
2013-03-29,QLD1
2013-03-29,SA1
2013-03-29,TAS1
2013-03-29,VIC1
2013-03-29,WA1
2013-03-30,ACT1
2013-03-30,NSW1
2013-03-30,NT1
2013-03-30,QLD1
2013-03-30,SA1
2013-03-30,VIC1
2013-03-31,NSW1
2013-03-31,QLD1
2013-04-01,ACT1
2013-04-01,NSW1
2013-04-01,NT1
2013-04-01,QLD1
2013-04-01,SA1
2013-04-01,TAS1
2013-04-01,VIC1
2013-04-01,WA1
2013-04-02,TAS1
2013-04-25,ACT1
2013-04-25,NSW1
2013-04-25,NT1
2013-04-25,QLD1
2013-04-25,SA1
2013-04-25,TAS1
2013-04-25,VIC1
2013-04-25,WA1
2013-05-06,NT1
2013-06-03,WA1
2013-06-10,ACT1
2013-06-10,NSW1
2013-06-10,NT1
2013-06-10,QLD1
2013-06-10,SA1
2013-06-10,TAS1
2013-06-10,VIC1
2013-08-05,ACT1
2013-08-05,NSW1
2013-08-05,NT1
2013-08-14,QLD1
2013-09-30,ACT1
2013-09-30,WA1
2013-10-07,ACT1
2013-10-07,QLD1
2013-10-07,SA1
2013-11-04,TAS1
2013-11-05,VIC1
2013-12-25,ACT1
2013-12-25,NSW1
2013-12-25,NT1
2013-12-25,QLD1
2013-12-25,SA1
2013-12-25,TAS1
2013-12-25,VIC1
2013-12-25,WA1
2013-12-26,ACT1
2013-12-26,NSW1
2013-12-26,NT1
2013-12-26,QLD1
2013-12-26,SA1
2013-12-26,TAS1
2013-12-26,VIC1
2013-12-26,WA1
2014-01-01,ACT1
2014-01-01,NSW1
2014-01-01,NT1
2014-01-01,QLD1
2014-01-01,SA1
2014-01-01,TAS1
2014-01-01,VIC1
2014-01-01,WA1
2014-01-27,ACT1
2014-01-27,NSW1
2014-01-27,NT1
2014-01-27,QLD1
2014-01-27,SA1
2014-01-27,TAS1
2014-01-27,VIC1
2014-01-27,WA1
2014-03-03,WA1
2014-03-10,ACT1
2014-03-10,SA1
2014-03-10,TAS1
2014-03-10,VIC1
2014-04-18,ACT1
2014-04-18,NSW1
2014-04-18,NT1
2014-04-18,QLD1
2014-04-18,SA1
2014-04-18,TAS1
2014-04-18,VIC1
2014-04-18,WA1
2014-04-19,ACT1
2014-04-19,NSW1
2014-04-19,NT1
2014-04-19,QLD1
2014-04-19,SA1
2014-04-19,TAS1
2014-04-19,VIC1
2014-04-19,WA1
2014-04-20,NSW1
2014-04-20,VIC1
2014-04-21,ACT1
2014-04-21,NSW1
2014-04-21,NT1
2014-04-21,QLD1
2014-04-21,SA1
2014-04-21,TAS1
2014-04-21,VIC1
2014-04-21,WA1
2014-04-22,TAS1
2014-04-25,ACT1
2014-04-25,NSW1
2014-04-25,NT1
2014-04-25,QLD1
2014-04-25,SA1
2014-04-25,TAS1
2014-04-25,VIC1
2014-04-25,WA1
2014-05-05,NT1
2014-06-02,WA1
2014-06-09,ACT1
2014-06-09,NSW1
2014-06-09,NT1
2014-06-09,QLD1
2014-06-09,SA1
2014-06-09,TAS1
2014-06-09,VIC1
2014-08-04,NT1
2014-09-29,ACT1
2014-09-29,WA1
2014-10-06,ACT1
2014-10-06,NSW1
2014-10-06,QLD1
2014-10-06,SA1
2014-11-04,VIC1
2014-12-24,SA1
2014-12-25,ACT1
2014-12-25,NSW1
2014-12-25,NT1
2014-12-25,QLD1
2014-12-25,SA1
2014-12-25,TAS1
2014-12-25,VIC1
2014-12-25,WA1
2014-12-26,ACT1
2014-12-26,NSW1
2014-12-26,NT1
2014-12-26,QLD1
2014-12-26,SA1
2014-12-26,TAS1
2014-12-26,VIC1
2014-12-26,WA1
2014-12-31,SA1
2015-01-01,ACT1
2015-01-01,NSW1
2015-01-01,NT1
2015-01-01,QLD1
2015-01-01,SA1
2015-01-01,TAS1
2015-01-01,VIC1
2015-01-01,WA1
2015-01-26,ACT1
2015-01-26,NSW1
2015-01-26,NT1
2015-01-26,QLD1
2015-01-26,SA1
2015-01-26,TAS1
2015-01-26,VIC1
2015-01-26,WA1
2015-03-02,WA1
2015-03-09,ACT1
2015-03-09,SA1
2015-03-09,TAS1
2015-03-09,VIC1
2015-04-03,ACT1
2015-04-03,NSW1
2015-04-03,NT1
2015-04-03,QLD1
2015-04-03,SA1
2015-04-03,TAS1
2015-04-03,VIC1
2015-04-03,WA1
2015-04-04,ACT1
2015-04-04,NSW1
2015-04-04,NT1
2015-04-04,QLD1
2015-04-04,SA1
2015-04-04,TAS1
2015-04-04,VIC1
2015-04-04,WA1
2015-04-05,ACT1
2015-04-05,NSW1
2015-04-05,VIC1
2015-04-06,ACT1
2015-04-06,NSW1
2015-04-06,NT1
2015-04-06,QLD1
2015-04-06,SA1
2015-04-06,TAS1
2015-04-06,VIC1
2015-04-06,WA1
2015-04-07,TAS1
2015-04-25,ACT1
2015-04-25,NSW1
2015-04-25,NT1
2015-04-25,QLD1
2015-04-25,SA1
2015-04-25,TAS1
2015-04-25,VIC1
2015-04-25,WA1
2015-04-27,WA1
2015-05-04,NT1
2015-06-01,WA1
2015-06-08,ACT1
2015-06-08,NSW1
2015-06-08,NT1
2015-06-08,QLD1
2015-06-08,SA1
2015-06-08,TAS1
2015-06-08,VIC1
2015-08-03,NT1
2015-09-28,ACT1
2015-09-28,WA1
2015-10-02,VIC1
2015-10-05,ACT1
2015-10-05,NSW1
2015-10-05,QLD1
2015-10-05,SA1
2015-11-03,VIC1
2015-12-24,SA1
2015-12-25,ACT1
2015-12-25,NSW1
2015-12-25,NT1
2015-12-25,QLD1
2015-12-25,SA1
2015-12-25,TAS1
2015-12-25,VIC1
2015-12-25,WA1
2015-12-28,ACT1
2015-12-28,NSW1
2015-12-28,NT1
2015-12-28,QLD1
2015-12-28,SA1
2015-12-28,TAS1
2015-12-28,VIC1
2015-12-31,SA1
2016-01-01,ACT1
2016-01-01,NSW1
2016-01-01,NT1
2016-01-01,QLD1
2016-01-01,SA1
2016-01-01,TAS1
2016-01-01,VIC1
2016-01-01,WA1
2016-01-26,ACT1
2016-01-26,NSW1
2016-01-26,NT1
2016-01-26,QLD1
2016-01-26,SA1
2016-01-26,TAS1
2016-01-26,VIC1
2016-01-26,WA1
2016-03-07,WA1
2016-03-14,ACT1
2016-03-14,SA1
2016-03-14,TAS1
2016-03-14,VIC1
2016-03-25,ACT1
2016-03-25,NSW1
2016-03-25,NT1
2016-03-25,QLD1
2016-03-25,SA1
2016-03-25,TAS1
2016-03-25,VIC1
2016-03-25,WA1
2016-03-26,ACT1
2016-03-26,NSW1
2016-03-26,NT1
2016-03-26,QLD1
2016-03-26,SA1
2016-03-26,VIC1
2016-03-27,ACT1
2016-03-27,NSW1
2016-03-27,VIC1
2016-03-28,ACT1
2016-03-28,NSW1
2016-03-28,NT1
2016-03-28,QLD1
2016-03-28,SA1
2016-03-28,TAS1
2016-03-28,VIC1
2016-03-28,WA1
2016-04-25,ACT1
2016-04-25,NSW1
2016-04-25,NT1
2016-04-25,QLD1
2016-04-25,SA1
2016-04-25,TAS1
2016-04-25,VIC1
2016-04-25,WA1
2016-05-02,NT1
2016-05-02,QLD1
2016-06-06,WA1
2016-06-13,ACT1
2016-06-13,NSW1
2016-06-13,NT1
2016-06-13,SA1
2016-06-13,TAS1
2016-06-13,VIC1
2016-08-01,NT1
2016-09-26,ACT1
2016-09-26,WA1
2016-09-30,VIC1
2016-10-03,ACT1
2016-10-03,NSW1
2016-10-03,QLD1
2016-10-03,SA1
2016-11-01,VIC1
2016-12-24,SA1
2016-12-25,ACT1
2016-12-25,NSW1
2016-12-25,NT1
2016-12-25,QLD1
2016-12-25,SA1
2016-12-25,TAS1
2016-12-25,VIC1
2016-12-25,WA1
2016-12-26,ACT1
2016-12-26,NSW1
2016-12-26,NT1
2016-12-26,QLD1
2016-12-26,SA1
2016-12-26,TAS1
2016-12-26,VIC1
2016-12-26,WA1
2016-12-27,ACT1
2016-12-27,NSW1
2016-12-27,NT1
2016-12-27,QLD1
2016-12-27,SA1
2016-12-27,TAS1
2016-12-27,VIC1
2016-12-27,WA1
2016-12-31,SA1
2017-01-01,ACT1
2017-01-01,NSW1
2017-01-01,NT1
2017-01-01,QLD1
2017-01-01,SA1
2017-01-01,TAS1
2017-01-01,VIC1
2017-01-01,WA1
2017-01-02,ACT1
2017-01-02,NSW1
2017-01-02,NT1
2017-01-02,QLD1
2017-01-02,SA1
2017-01-02,TAS1
2017-01-02,VIC1
2017-01-02,WA1
2017-01-26,ACT1
2017-01-26,NSW1
2017-01-26,NT1
2017-01-26,QLD1
2017-01-26,SA1
2017-01-26,TAS1
2017-01-26,VIC1
2017-01-26,WA1
2017-02-12,TAS1
2017-03-06,WA1
2017-03-13,ACT1
2017-03-13,SA1
2017-03-13,TAS1
2017-03-13,VIC1
2017-04-14,ACT1
2017-04-14,NSW1
2017-04-14,NT1
2017-04-14,QLD1
2017-04-14,SA1
2017-04-14,TAS1
2017-04-14,VIC1
2017-04-14,WA1
2017-04-15,ACT1
2017-04-15,NSW1
2017-04-15,NT1
2017-04-15,QLD1
2017-04-15,SA1
2017-04-15,VIC1
2017-04-16,ACT1
2017-04-16,NSW1
2017-04-16,QLD1
2017-04-16,VIC1
2017-04-17,ACT1
2017-04-17,NSW1
2017-04-17,NT1
2017-04-17,QLD1
2017-04-17,SA1
2017-04-17,TAS1
2017-04-17,VIC1
2017-04-17,WA1
2017-04-18,TAS1
2017-04-25,ACT1
2017-04-25,NSW1
2017-04-25,NT1
2017-04-25,QLD1
2017-04-25,SA1
2017-04-25,TAS1
2017-04-25,VIC1
2017-04-25,WA1
2017-05-01,NT1
2017-05-01,QLD1
2017-06-05,WA1
2017-06-12,ACT1
2017-06-12,NSW1
2017-06-12,NT1
2017-06-12,SA1
2017-06-12,TAS1
2017-06-12,VIC1
2017-08-07,NSW1
2017-08-07,NT1
2017-09-25,ACT1
2017-09-25,WA1
2017-09-29,VIC1
2017-10-02,ACT1
2017-10-02,NSW1
2017-10-02,QLD1
2017-10-02,SA1
2017-11-06,TAS1
2017-11-07,VIC1
2017-12-24,NT1
2017-12-24,SA1
2017-12-25,ACT1
2017-12-25,NSW1
2017-12-25,NT1
2017-12-25,QLD1
2017-12-25,SA1
2017-12-25,TAS1
2017-12-25,VIC1
2017-12-25,WA1
2017-12-26,ACT1
2017-12-26,NSW1
2017-12-26,NT1
2017-12-26,QLD1
2017-12-26,SA1
2017-12-26,TAS1
2017-12-26,VIC1
2017-12-26,WA1
2017-12-31,NT1
2017-12-31,SA1
2018-01-01,ACT1
2018-01-01,NSW1
2018-01-01,NT1
2018-01-01,QLD1
2018-01-01,SA1
2018-01-01,TAS1
2018-01-01,VIC1
2018-01-01,WA1
2018-01-26,ACT1
2018-01-26,NSW1
2018-01-26,NT1
2018-01-26,QLD1
2018-01-26,SA1
2018-01-26,TAS1
2018-01-26,VIC1
2018-01-26,WA1
2018-02-12,TAS1
2018-03-05,WA1
2018-03-12,ACT1
2018-03-12,SA1
2018-03-12,TAS1
2018-03-12,VIC1
2018-03-30,ACT1
2018-03-30,NSW1
2018-03-30,NT1
2018-03-30,QLD1
2018-03-30,SA1
2018-03-30,TAS1
2018-03-30,VIC1
2018-03-30,WA1
2018-03-31,ACT1
2018-03-31,NSW1
2018-03-31,NT1
2018-03-31,QLD1
2018-03-31,SA1
2018-03-31,VIC1
2018-04-01,ACT1
2018-04-01,NSW1
2018-04-01,QLD1
2018-04-01,VIC1
2018-04-02,ACT1
2018-04-02,NSW1
2018-04-02,NT1
2018-04-02,QLD1
2018-04-02,SA1
2018-04-02,TAS1
2018-04-02,VIC1
2018-04-02,WA1
2018-04-25,ACT1
2018-04-25,NSW1
2018-04-25,NT1
2018-04-25,QLD1
2018-04-25,SA1
2018-04-25,TAS1
2018-04-25,VIC1
2018-04-25,WA1
2018-05-07,NT1
2018-05-07,QLD1
2018-05-28,ACT1
2018-06-04,WA1
2018-06-11,ACT1
2018-06-11,NSW1
2018-06-11,NT1
2018-06-11,SA1
2018-06-11,TAS1
2018-06-11,VIC1
2018-08-06,NSW1
2018-08-06,NT1
2018-09-24,WA1
2018-09-28,VIC1
2018-10-01,ACT1
2018-10-01,NSW1
2018-10-01,QLD1
2018-10-01,SA1
2018-11-05,TAS1
2018-11-06,VIC1
2018-12-24,NT1
2018-12-24,SA1
2018-12-25,ACT1
2018-12-25,NSW1
2018-12-25,NT1
2018-12-25,QLD1
2018-12-25,SA1
2018-12-25,TAS1
2018-12-25,VIC1
2018-12-25,WA1
2018-12-26,ACT1
2018-12-26,NSW1
2018-12-26,NT1
2018-12-26,QLD1
2018-12-26,SA1
2018-12-26,TAS1
2018-12-26,VIC1
2018-12-26,WA1
2018-12-31,NT1
2018-12-31,SA1
2019-01-01,ACT1
2019-01-01,NSW1
2019-01-01,NT1
2019-01-01,QLD1
2019-01-01,SA1
2019-01-01,TAS1
2019-01-01,VIC1
2019-01-01,WA1
2019-01-28,ACT1
2019-01-28,NSW1
2019-01-28,NT1
2019-01-28,QLD1
2019-01-28,SA1
2019-01-28,TAS1
2019-01-28,VIC1
2019-01-28,WA1
2019-02-11,TAS1
2019-03-04,WA1
2019-03-11,ACT1
2019-03-11,SA1
2019-03-11,TAS1
2019-03-11,VIC1
2019-04-19,ACT1
2019-04-19,NSW1
2019-04-19,NT1
2019-04-19,QLD1
2019-04-19,SA1
2019-04-19,TAS1
2019-04-19,VIC1
2019-04-19,WA1
2019-04-20,ACT1
2019-04-20,NSW1
2019-04-20,NT1
2019-04-20,QLD1
2019-04-20,SA1
2019-04-20,VIC1
2019-04-21,ACT1
2019-04-21,NSW1
2019-04-21,QLD1
2019-04-21,VIC1
2019-04-22,ACT1
2019-04-22,NSW1
2019-04-22,NT1
2019-04-22,QLD1
2019-04-22,SA1
2019-04-22,TAS1
2019-04-22,VIC1
2019-04-22,WA1
2019-04-23,TAS1
2019-04-25,ACT1
2019-04-25,NSW1
2019-04-25,NT1
2019-04-25,QLD1
2019-04-25,SA1
2019-04-25,TAS1
2019-04-25,VIC1
2019-04-25,WA1
2019-05-06,NT1
2019-05-06,QLD1
2019-05-27,ACT1
2019-06-03,WA1
2019-06-10,ACT1
2019-06-10,NSW1
2019-06-10,NT1
2019-06-10,SA1
2019-06-10,TAS1
2019-06-10,VIC1
2019-08-05,NT1
2019-08-06,NSW1
2019-09-27,VIC1
2019-09-30,WA1
2019-10-07,ACT1
2019-10-07,NSW1
2019-10-07,QLD1
2019-10-07,SA1
2019-11-05,VIC1
2019-12-24,NT1
2019-12-24,SA1
2019-12-25,ACT1
2019-12-25,NSW1
2019-12-25,NT1
2019-12-25,QLD1
2019-12-25,SA1
2019-12-25,TAS1
2019-12-25,VIC1
2019-12-25,WA1
2019-12-26,ACT1
2019-12-26,NSW1
2019-12-26,NT1
2019-12-26,QLD1
2019-12-26,SA1
2019-12-26,TAS1
2019-12-26,VIC1
2019-12-26,WA1
2019-12-31,NT1
2019-12-31,SA1
2020-01-01,ACT1
2020-01-01,NSW1
2020-01-01,NT1
2020-01-01,QLD1
2020-01-01,SA1
2020-01-01,TAS1
2020-01-01,VIC1
2020-01-01,WA1
2020-01-26,SA1
2020-01-27,ACT1
2020-01-27,NSW1
2020-01-27,NT1
2020-01-27,QLD1
2020-01-27,SA1
2020-01-27,TAS1
2020-01-27,VIC1
2020-01-27,WA1
2020-03-02,WA1
2020-03-09,ACT1
2020-03-09,SA1
2020-03-09,TAS1
2020-03-09,VIC1
2020-04-10,ACT1
2020-04-10,NSW1
2020-04-10,NT1
2020-04-10,QLD1
2020-04-10,SA1
2020-04-10,TAS1
2020-04-10,VIC1
2020-04-10,WA1
2020-04-11,ACT1
2020-04-11,NSW1
2020-04-11,NT1
2020-04-11,QLD1
2020-04-11,SA1
2020-04-11,VIC1
2020-04-12,ACT1
2020-04-12,NSW1
2020-04-12,QLD1
2020-04-12,VIC1
2020-04-13,ACT1
2020-04-13,NSW1
2020-04-13,NT1
2020-04-13,QLD1
2020-04-13,SA1
2020-04-13,TAS1
2020-04-13,VIC1
2020-04-13,WA1
2020-04-14,TAS1
2020-04-25,ACT1
2020-04-25,NSW1
2020-04-25,NT1
2020-04-25,QLD1
2020-04-25,SA1
2020-04-25,TAS1
2020-04-25,VIC1
2020-04-25,WA1
2020-04-27,ACT1
2020-04-27,WA1
2020-05-04,NT1
2020-05-04,QLD1
2020-06-01,ACT1
2020-06-01,WA1
2020-06-08,ACT1
2020-06-08,NSW1
2020-06-08,NT1
2020-06-08,SA1
2020-06-08,TAS1
2020-06-08,VIC1
2020-08-03,NSW1
2020-08-03,NT1
2020-09-28,WA1
2020-10-05,ACT1
2020-10-05,NSW1
2020-10-05,QLD1
2020-10-05,SA1
2020-10-23,VIC1
2020-11-03,VIC1
2020-12-24,NT1
2020-12-24,QLD1
2020-12-24,SA1
2020-12-25,ACT1
2020-12-25,NSW1
2020-12-25,NT1
2020-12-25,QLD1
2020-12-25,SA1
2020-12-25,TAS1
2020-12-25,VIC1
2020-12-25,WA1
2020-12-26,ACT1
2020-12-26,NSW1
2020-12-26,QLD1
2020-12-26,VIC1
2020-12-26,WA1
2020-12-28,ACT1
2020-12-28,NSW1
2020-12-28,NT1
2020-12-28,QLD1
2020-12-28,SA1
2020-12-28,TAS1
2020-12-28,VIC1
2020-12-28,WA1
2020-12-31,NT1
2020-12-31,SA1
2021-01-01,ACT1
2021-01-01,NSW1
2021-01-01,NT1
2021-01-01,QLD1
2021-01-01,SA1
2021-01-01,TAS1
2021-01-01,VIC1
2021-01-01,WA1
2021-01-26,ACT1
2021-01-26,NSW1
2021-01-26,NT1
2021-01-26,QLD1
2021-01-26,SA1
2021-01-26,TAS1
2021-01-26,VIC1
2021-01-26,WA1
2021-03-01,WA1
2021-03-08,ACT1
2021-03-08,SA1
2021-03-08,TAS1
2021-03-08,VIC1
2021-04-02,ACT1
2021-04-02,NSW1
2021-04-02,NT1
2021-04-02,QLD1
2021-04-02,SA1
2021-04-02,TAS1
2021-04-02,VIC1
2021-04-02,WA1
2021-04-03,ACT1
2021-04-03,NSW1
2021-04-03,NT1
2021-04-03,QLD1
2021-04-03,SA1
2021-04-03,VIC1
2021-04-04,ACT1
2021-04-04,NSW1
2021-04-04,QLD1
2021-04-04,VIC1
2021-04-05,ACT1
2021-04-05,NSW1
2021-04-05,NT1
2021-04-05,QLD1
2021-04-05,SA1
2021-04-05,TAS1
2021-04-05,VIC1
2021-04-05,WA1
2021-04-06,TAS1
2021-04-25,NSW1
2021-04-25,TAS1
2021-04-25,VIC1
2021-04-25,WA1
2021-04-26,ACT1
2021-04-26,NT1
2021-04-26,QLD1
2021-04-26,SA1
2021-04-26,WA1
2021-05-03,NT1
2021-05-03,QLD1
2021-05-31,ACT1
2021-06-07,WA1
2021-06-14,ACT1
2021-06-14,NSW1
2021-06-14,NT1
2021-06-14,SA1
2021-06-14,TAS1
2021-06-14,VIC1
2021-08-02,NSW1
2021-08-02,NT1
2021-09-24,VIC1
2021-09-27,WA1
2021-10-04,ACT1
2021-10-04,NSW1
2021-10-04,QLD1
2021-10-04,SA1
2021-11-02,VIC1
2021-12-24,NT1
2021-12-24,QLD1
2021-12-24,SA1
2021-12-25,ACT1
2021-12-25,NSW1
2021-12-25,NT1
2021-12-25,QLD1
2021-12-25,SA1
2021-12-25,TAS1
2021-12-25,VIC1
2021-12-25,WA1
2021-12-26,ACT1
2021-12-26,NSW1
2021-12-26,NT1
2021-12-26,QLD1
2021-12-26,SA1
2021-12-26,TAS1
2021-12-26,VIC1
2021-12-26,WA1
2021-12-27,ACT1
2021-12-27,NSW1
2021-12-27,NT1
2021-12-27,QLD1
2021-12-27,SA1
2021-12-27,TAS1
2021-12-27,VIC1
2021-12-27,WA1
2021-12-28,ACT1
2021-12-28,NSW1
2021-12-28,NT1
2021-12-28,QLD1
2021-12-28,SA1
2021-12-28,TAS1
2021-12-28,VIC1
2021-12-28,WA1
2021-12-31,NT1
2021-12-31,SA1
2022-01-01,ACT1
2022-01-01,NSW1
2022-01-01,QLD1
2022-01-01,VIC1
2022-01-01,WA1
2022-01-03,ACT1
2022-01-03,NSW1
2022-01-03,NT1
2022-01-03,QLD1
2022-01-03,SA1
2022-01-03,TAS1
2022-01-03,VIC1
2022-01-03,WA1
2022-01-26,ACT1
2022-01-26,NSW1
2022-01-26,NT1
2022-01-26,QLD1
2022-01-26,SA1
2022-01-26,TAS1
2022-01-26,VIC1
2022-01-26,WA1
2022-03-07,WA1
2022-03-14,ACT1
2022-03-14,SA1
2022-03-14,TAS1
2022-03-14,VIC1
2022-04-15,ACT1
2022-04-15,NSW1
2022-04-15,NT1
2022-04-15,QLD1
2022-04-15,SA1
2022-04-15,TAS1
2022-04-15,VIC1
2022-04-15,WA1
2022-04-16,ACT1
2022-04-16,NSW1
2022-04-16,NT1
2022-04-16,QLD1
2022-04-16,SA1
2022-04-16,VIC1
2022-04-17,ACT1
2022-04-17,NSW1
2022-04-17,QLD1
2022-04-17,VIC1
2022-04-18,ACT1
2022-04-18,NSW1
2022-04-18,NT1
2022-04-18,QLD1
2022-04-18,SA1
2022-04-18,TAS1
2022-04-18,VIC1
2022-04-18,WA1
2022-04-19,TAS1
2022-04-25,ACT1
2022-04-25,NSW1
2022-04-25,NT1
2022-04-25,QLD1
2022-04-25,SA1
2022-04-25,TAS1
2022-04-25,VIC1
2022-04-25,WA1
2022-05-02,NT1
2022-05-02,QLD1
2022-05-30,ACT1
2022-06-06,WA1
2022-06-13,ACT1
2022-06-13,NSW1
2022-06-13,NT1
2022-06-13,SA1
2022-06-13,TAS1
2022-06-13,VIC1
2022-08-01,NSW1
2022-08-01,NT1
2022-09-23,VIC1
2022-09-26,WA1
2022-10-03,ACT1
2022-10-03,NSW1
2022-10-03,QLD1
2022-10-03,SA1
2022-11-01,VIC1
2022-12-24,NT1
2022-12-24,QLD1
2022-12-24,SA1
2022-12-25,ACT1
2022-12-25,NSW1
2022-12-25,NT1
2022-12-25,QLD1
2022-12-25,SA1
2022-12-25,TAS1
2022-12-25,VIC1
2022-12-25,WA1
2022-12-26,ACT1
2022-12-26,NSW1
2022-12-26,NT1
2022-12-26,QLD1
2022-12-26,SA1
2022-12-26,TAS1
2022-12-26,VIC1
2022-12-26,WA1
2022-12-27,ACT1
2022-12-27,NSW1
2022-12-27,NT1
2022-12-27,QLD1
2022-12-27,SA1
2022-12-27,TAS1
2022-12-27,VIC1
2022-12-27,WA1
2022-12-31,NT1
2022-12-31,SA1
2023-01-01,ACT1
2023-01-01,NSW1
2023-01-01,NT1
2023-01-01,QLD1
2023-01-01,SA1
2023-01-01,TAS1
2023-01-01,VIC1
2023-01-01,WA1
2023-01-02,ACT1
2023-01-02,NSW1
2023-01-02,NT1
2023-01-02,QLD1
2023-01-02,SA1
2023-01-02,TAS1
2023-01-02,VIC1
2023-01-02,WA1
2023-01-26,ACT1
2023-01-26,NSW1
2023-01-26,NT1
2023-01-26,QLD1
2023-01-26,SA1
2023-01-26,TAS1
2023-01-26,VIC1
2023-01-26,WA1
2023-03-06,WA1
2023-03-13,ACT1
2023-03-13,SA1
2023-03-13,TAS1
2023-03-13,VIC1
2023-04-07,ACT1
2023-04-07,NSW1
2023-04-07,NT1
2023-04-07,QLD1
2023-04-07,SA1
2023-04-07,TAS1
2023-04-07,VIC1
2023-04-07,WA1
2023-04-08,ACT1
2023-04-08,NSW1
2023-04-08,NT1
2023-04-08,QLD1
2023-04-08,SA1
2023-04-08,VIC1
2023-04-09,ACT1
2023-04-09,NSW1
2023-04-09,NT1
2023-04-09,QLD1
2023-04-09,VIC1
2023-04-09,WA1
2023-04-10,ACT1
2023-04-10,NSW1
2023-04-10,NT1
2023-04-10,QLD1
2023-04-10,SA1
2023-04-10,TAS1
2023-04-10,VIC1
2023-04-10,WA1
2023-04-11,TAS1
2023-04-25,ACT1
2023-04-25,NSW1
2023-04-25,NT1
2023-04-25,QLD1
2023-04-25,SA1
2023-04-25,TAS1
2023-04-25,VIC1
2023-04-25,WA1
2023-05-01,NT1
2023-05-01,QLD1
2023-05-29,ACT1
2023-06-05,WA1
2023-06-12,ACT1
2023-06-12,NSW1
2023-06-12,NT1
2023-06-12,SA1
2023-06-12,TAS1
2023-06-12,VIC1
2023-08-07,NSW1
2023-08-07,NT1
2023-08-16,QLD1
2023-09-25,WA1
2023-09-29,VIC1
2023-10-02,ACT1
2023-10-02,NSW1
2023-10-02,QLD1
2023-10-02,SA1
2023-11-07,VIC1
2023-12-24,NT1
2023-12-24,QLD1
2023-12-24,SA1
2023-12-25,ACT1
2023-12-25,NSW1
2023-12-25,NT1
2023-12-25,QLD1
2023-12-25,SA1
2023-12-25,TAS1
2023-12-25,VIC1
2023-12-25,WA1
2023-12-26,ACT1
2023-12-26,NSW1
2023-12-26,NT1
2023-12-26,QLD1
2023-12-26,SA1
2023-12-26,TAS1
2023-12-26,VIC1
2023-12-26,WA1
2023-12-31,NT1
2023-12-31,SA1
2024-01-01,ACT1
2024-01-01,NSW1
2024-01-01,NT1
2024-01-01,QLD1
2024-01-01,SA1
2024-01-01,TAS1
2024-01-01,VIC1
2024-01-01,WA1
2024-01-26,ACT1
2024-01-26,NSW1
2024-01-26,NT1
2024-01-26,QLD1
2024-01-26,SA1
2024-01-26,TAS1
2024-01-26,VIC1
2024-01-26,WA1
2024-03-04,WA1
2024-03-11,ACT1
2024-03-11,SA1
2024-03-11,TAS1
2024-03-11,VIC1
2024-03-29,ACT1
2024-03-29,NSW1
2024-03-29,NT1
2024-03-29,QLD1
2024-03-29,SA1
2024-03-29,TAS1
2024-03-29,VIC1
2024-03-29,WA1
2024-03-30,ACT1
2024-03-30,NSW1
2024-03-30,NT1
2024-03-30,QLD1
2024-03-30,SA1
2024-03-30,VIC1
2024-03-31,ACT1
2024-03-31,NSW1
2024-03-31,NT1
2024-03-31,QLD1
2024-03-31,VIC1
2024-03-31,WA1
2024-04-01,ACT1
2024-04-01,NSW1
2024-04-01,NT1
2024-04-01,QLD1
2024-04-01,SA1
2024-04-01,TAS1
2024-04-01,VIC1
2024-04-01,WA1
2024-04-02,TAS1
2024-04-25,ACT1
2024-04-25,NSW1
2024-04-25,NT1
2024-04-25,QLD1
2024-04-25,SA1
2024-04-25,TAS1
2024-04-25,VIC1
2024-04-25,WA1
2024-05-06,NT1
2024-05-06,QLD1
2024-05-27,ACT1
2024-06-03,WA1
2024-06-10,ACT1
2024-06-10,NSW1
2024-06-10,NT1
2024-06-10,SA1
2024-06-10,TAS1
2024-06-10,VIC1
2024-08-05,NSW1
2024-08-05,NT1
2024-08-14,QLD1
2024-09-23,WA1
2024-09-27,VIC1
2024-10-07,ACT1
2024-10-07,NSW1
2024-10-07,QLD1
2024-10-07,SA1
2024-11-05,VIC1
2024-12-24,NT1
2024-12-24,QLD1
2024-12-24,SA1
2024-12-25,ACT1
2024-12-25,NSW1
2024-12-25,NT1
2024-12-25,QLD1
2024-12-25,SA1
2024-12-25,TAS1
2024-12-25,VIC1
2024-12-25,WA1
2024-12-26,ACT1
2024-12-26,NSW1
2024-12-26,NT1
2024-12-26,QLD1
2024-12-26,SA1
2024-12-26,TAS1
2024-12-26,VIC1
2024-12-26,WA1
2024-12-31,NT1
2024-12-31,SA1
